,ds,case_id,image,lm,img_symlink,lm_symlink,fold,test
0,litq,litq_48,/s/xnat_shadow/litq/images/litq_48_20200107.nii.gz,/s/xnat_shadow/litq/lms/litq_48_20200107.nii.gz,/s/fran_storage/datasets/raw_data/litsmc/images/litq_48_20200107.nii.gz,/s/fran_storage/datasets/raw_data/litsmc/lms/litq_48_20200107.nii.gz,1,0
1,litq,litq_41b,/s/xnat_shadow/litq/images/litq_41b_20221122.nii.gz,/s/xnat_shadow/litq/lms/litq_41b_20221122.nii.gz,/s/fran_storage/datasets/raw_data/litsmc/images/litq_41b_20221122.nii.gz,/s/fran_storage/datasets/raw_data/litsmc/lms/litq_41b_20221122.nii.gz,1,0
2,litq,litq_60,/s/xnat_shadow/litq/images/litq_60_20190729.nii.gz,/s/xnat_shadow/litq/lms/litq_60_20190729.nii.gz,/s/fran_storage/datasets/raw_data/litsmc/images/litq_60_20190729.nii.gz,/s/fran_storage/datasets/raw_data/litsmc/lms/litq_60_20190729.nii.gz,1,0
3,litq,litq_72b,/s/xnat_shadow/litq/images/litq_72b_20170224.nii.gz,/s/xnat_shadow/litq/lms/litq_72b_20170224.nii.gz,/s/fran_storage/datasets/raw_data/litsmc/images/litq_72b_20170224.nii.gz,/s/fran_storage/datasets/raw_data/litsmc/lms/litq_72b_20170224.nii.gz,1,0
4,litq,litq_33,/s/xnat_shadow/litq/images/litq_33_20200923.nii.gz,/s/xnat_shadow/litq/lms/litq_33_20200923.nii.gz,/s/fran_storage/datasets/raw_data/litsmc/images/litq_33_20200923.nii.gz,/s/fran_storage/datasets/raw_data/litsmc/lms/litq_33_20200923.nii.gz,1,0
5,litq,litq_76,/s/xnat_shadow/litq/images/litq_76_20210528.nii.gz,/s/xnat_shadow/litq/lms/litq_76_20210528.nii.gz,/s/fran_storage/datasets/raw_data/litsmc/images/litq_76_20210528.nii.gz,/s/fran_storage/datasets/raw_data/litsmc/lms/litq_76_20210528.nii.gz,1,0
6,litq,litq_72,/s/xnat_shadow/litq/images/litq_72_20161221.nii.gz,/s/xnat_shadow/litq/lms/litq_72_20161221.nii.gz,/s/fran_storage/datasets/raw_data/litsmc/images/litq_72_20161221.nii.gz,/s/fran_storage/datasets/raw_data/litsmc/lms/litq_72_20161221.nii.gz,1,0
7,litq,litq_40,/s/xnat_shadow/litq/images/litq_40_20171117.nii.gz,/s/xnat_shadow/litq/lms/litq_40_20171117.nii.gz,/s/fran_storage/datasets/raw_data/litsmc/images/litq_40_20171117.nii.gz,/s/fran_storage/datasets/raw_data/litsmc/lms/litq_40_20171117.nii.gz,1,0
8,litq,litq_15,/s/xnat_shadow/litq/images/litq_15_20190809.nii.gz,/s/xnat_shadow/litq/lms/litq_15_20190809.nii.gz,/s/fran_storage/datasets/raw_data/litsmc/images/litq_15_20190809.nii.gz,/s/fran_storage/datasets/raw_data/litsmc/lms/litq_15_20190809.nii.gz,1,0
9,litq,litq_44,/s/xnat_shadow/litq/images/litq_44_20190909.nii.gz,/s/xnat_shadow/litq/lms/litq_44_20190909.nrrd,/s/fran_storage/datasets/raw_data/litsmc/images/litq_44_20190909.nii.gz,/s/fran_storage/datasets/raw_data/litsmc/lms/litq_44_20190909.nrrd,1,0
10,litq,litq_41,/s/xnat_shadow/litq/images/litq_41_20210112.nii.gz,/s/xnat_shadow/litq/lms/litq_41_20210112.nii.gz,/s/fran_storage/datasets/raw_data/litsmc/images/litq_41_20210112.nii.gz,/s/fran_storage/datasets/raw_data/litsmc/lms/litq_41_20210112.nii.gz,1,0
11,litq,litq_71,/s/xnat_shadow/litq/images/litq_71_20191010.nii.gz,/s/xnat_shadow/litq/lms/litq_71_20191010.nii.gz,/s/fran_storage/datasets/raw_data/litsmc/images/litq_71_20191010.nii.gz,/s/fran_storage/datasets/raw_data/litsmc/lms/litq_71_20191010.nii.gz,1,0
12,litq,litq_77,/s/xnat_shadow/litq/images/litq_77_20210306.nii.gz,/s/xnat_shadow/litq/lms/litq_77_20210306.nii.gz,/s/fran_storage/datasets/raw_data/litsmc/images/litq_77_20210306.nii.gz,/s/fran_storage/datasets/raw_data/litsmc/lms/litq_77_20210306.nii.gz,1,0
13,litq,litq_49,/s/xnat_shadow/litq/images/litq_49_20171222.nii.gz,/s/xnat_shadow/litq/lms/litq_49_20171222.nii.gz,/s/fran_storage/datasets/raw_data/litsmc/images/litq_49_20171222.nii.gz,/s/fran_storage/datasets/raw_data/litsmc/lms/litq_49_20171222.nii.gz,1,0
14,litq,litq_11,/s/xnat_shadow/litq/images/litq_11_20190927.nii.gz,/s/xnat_shadow/litq/lms/litq_11_20190927.nii.gz,/s/fran_storage/datasets/raw_data/litsmc/images/litq_11_20190927.nii.gz,/s/fran_storage/datasets/raw_data/litsmc/lms/litq_11_20190927.nii.gz,1,0
15,litq,litq_50,/s/xnat_shadow/litq/images/litq_50_20190716.nii.gz,/s/xnat_shadow/litq/lms/litq_50_20190716.nii.gz,/s/fran_storage/datasets/raw_data/litsmc/images/litq_50_20190716.nii.gz,/s/fran_storage/datasets/raw_data/litsmc/lms/litq_50_20190716.nii.gz,1,0
16,litq,litq_31,/s/xnat_shadow/litq/images/litq_31_20220826.nii.gz,/s/xnat_shadow/litq/lms/litq_31_20220826.nii.gz,/s/fran_storage/datasets/raw_data/litsmc/images/litq_31_20220826.nii.gz,/s/fran_storage/datasets/raw_data/litsmc/lms/litq_31_20220826.nii.gz,1,0
17,litq,litq_pt5,/s/xnat_shadow/litq/images/litq_pt5_20200117.nii.gz,/s/xnat_shadow/litq/lms/litq_pt5_20200117.nii.gz,/s/fran_storage/datasets/raw_data/litsmc/images/litq_pt5_20200117.nii.gz,/s/fran_storage/datasets/raw_data/litsmc/lms/litq_pt5_20200117.nii.gz,1,0
18,litq,litq_47,/s/xnat_shadow/litq/images/litq_47_20200217.nii.gz,/s/xnat_shadow/litq/lms/litq_47_20200217.nii.gz,/s/fran_storage/datasets/raw_data/litsmc/images/litq_47_20200217.nii.gz,/s/fran_storage/datasets/raw_data/litsmc/lms/litq_47_20200217.nii.gz,1,0
19,litq,litq_46,/s/xnat_shadow/litq/images/litq_46_20190917.nii.gz,/s/xnat_shadow/litq/lms/litq_46_20190917.nii.gz,/s/fran_storage/datasets/raw_data/litsmc/images/litq_46_20190917.nii.gz,/s/fran_storage/datasets/raw_data/litsmc/lms/litq_46_20190917.nii.gz,1,0
20,litqsmall,litqsmall_00016,/s/datasets_bkp/litqsmall/images/litqsmall_00016.nii.gz,/s/datasets_bkp/litqsmall/lms/litqsmall_00016.nii.gz,/s/fran_storage/datasets/raw_data/litsmc/images/litqsmall_00016.nii.gz,/s/fran_storage/datasets/raw_data/litsmc/lms/litqsmall_00016.nii.gz,2,0
21,litqsmall,litqsmall_00033,/s/datasets_bkp/litqsmall/images/litqsmall_00033.nii.gz,/s/datasets_bkp/litqsmall/lms/litqsmall_00033.nrrd,/s/fran_storage/datasets/raw_data/litsmc/images/litqsmall_00033.nii.gz,/s/fran_storage/datasets/raw_data/litsmc/lms/litqsmall_00033.nrrd,2,0
22,litqsmall,litqsmall_00001,/s/datasets_bkp/litqsmall/images/litqsmall_00001.nii.gz,/s/datasets_bkp/litqsmall/lms/litqsmall_00001.nii.gz,/s/fran_storage/datasets/raw_data/litsmc/images/litqsmall_00001.nii.gz,/s/fran_storage/datasets/raw_data/litsmc/lms/litqsmall_00001.nii.gz,1,0
23,litqsmall,litqsmall_00000,/s/datasets_bkp/litqsmall/images/litqsmall_00000.nii.gz,/s/datasets_bkp/litqsmall/lms/litqsmall_00000.nii.gz,/s/fran_storage/datasets/raw_data/litsmc/images/litqsmall_00000.nii.gz,/s/fran_storage/datasets/raw_data/litsmc/lms/litqsmall_00000.nii.gz,1,0
24,litqsmall,litqsmall_00027,/s/datasets_bkp/litqsmall/images/litqsmall_00027.nii.gz,/s/datasets_bkp/litqsmall/lms/litqsmall_00027.nrrd,/s/fran_storage/datasets/raw_data/litsmc/images/litqsmall_00027.nii.gz,/s/fran_storage/datasets/raw_data/litsmc/lms/litqsmall_00027.nrrd,2,0
25,litqsmall,litqsmall_00036,/s/datasets_bkp/litqsmall/images/litqsmall_00036.nii.gz,/s/datasets_bkp/litqsmall/lms/litqsmall_00036.nii.gz,/s/fran_storage/datasets/raw_data/litsmc/images/litqsmall_00036.nii.gz,/s/fran_storage/datasets/raw_data/litsmc/lms/litqsmall_00036.nii.gz,2,0
26,litqsmall,litqsmall_00004,/s/datasets_bkp/litqsmall/images/litqsmall_00004.nii.gz,/s/datasets_bkp/litqsmall/lms/litqsmall_00004.nrrd,/s/fran_storage/datasets/raw_data/litsmc/images/litqsmall_00004.nii.gz,/s/fran_storage/datasets/raw_data/litsmc/lms/litqsmall_00004.nrrd,2,0
27,litqsmall,litqsmall_00003,/s/datasets_bkp/litqsmall/images/litqsmall_00003.nii.gz,/s/datasets_bkp/litqsmall/lms/litqsmall_00003.nii.gz,/s/fran_storage/datasets/raw_data/litsmc/images/litqsmall_00003.nii.gz,/s/fran_storage/datasets/raw_data/litsmc/lms/litqsmall_00003.nii.gz,2,0
28,litqsmall,litqsmall_00037,/s/datasets_bkp/litqsmall/images/litqsmall_00037.nii.gz,/s/datasets_bkp/litqsmall/lms/litqsmall_00037.nii.gz,/s/fran_storage/datasets/raw_data/litsmc/images/litqsmall_00037.nii.gz,/s/fran_storage/datasets/raw_data/litsmc/lms/litqsmall_00037.nii.gz,2,0
29,litqsmall,litqsmall_00005,/s/datasets_bkp/litqsmall/images/litqsmall_00005.nii.gz,/s/datasets_bkp/litqsmall/lms/litqsmall_00005.nii.gz,/s/fran_storage/datasets/raw_data/litsmc/images/litqsmall_00005.nii.gz,/s/fran_storage/datasets/raw_data/litsmc/lms/litqsmall_00005.nii.gz,2,0
30,litqsmall,litqsmall_00017,/s/datasets_bkp/litqsmall/images/litqsmall_00017.nii.gz,/s/datasets_bkp/litqsmall/lms/litqsmall_00017.nrrd,/s/fran_storage/datasets/raw_data/litsmc/images/litqsmall_00017.nii.gz,/s/fran_storage/datasets/raw_data/litsmc/lms/litqsmall_00017.nrrd,2,0
31,litqsmall,litqsmall_00044,/s/datasets_bkp/litqsmall/images/litqsmall_00044.nii.gz,/s/datasets_bkp/litqsmall/lms/litqsmall_00044.nii.gz,/s/fran_storage/datasets/raw_data/litsmc/images/litqsmall_00044.nii.gz,/s/fran_storage/datasets/raw_data/litsmc/lms/litqsmall_00044.nii.gz,2,0
32,litqsmall,litqsmall_00009,/s/datasets_bkp/litqsmall/images/litqsmall_00009.nii.gz,/s/datasets_bkp/litqsmall/lms/litqsmall_00009.nii.gz,/s/fran_storage/datasets/raw_data/litsmc/images/litqsmall_00009.nii.gz,/s/fran_storage/datasets/raw_data/litsmc/lms/litqsmall_00009.nii.gz,2,0
33,litqsmall,litqsmall_00046,/s/datasets_bkp/litqsmall/images/litqsmall_00046.nii.gz,/s/datasets_bkp/litqsmall/lms/litqsmall_00046.nii.gz,/s/fran_storage/datasets/raw_data/litsmc/images/litqsmall_00046.nii.gz,/s/fran_storage/datasets/raw_data/litsmc/lms/litqsmall_00046.nii.gz,2,0
34,litqsmall,litqsmall_00028,/s/datasets_bkp/litqsmall/images/litqsmall_00028.nii.gz,/s/datasets_bkp/litqsmall/lms/litqsmall_00028.nii.gz,/s/fran_storage/datasets/raw_data/litsmc/images/litqsmall_00028.nii.gz,/s/fran_storage/datasets/raw_data/litsmc/lms/litqsmall_00028.nii.gz,2,0
35,litqsmall,litqsmall_00020,/s/datasets_bkp/litqsmall/images/litqsmall_00020.nii.gz,/s/datasets_bkp/litqsmall/lms/litqsmall_00020.nii.gz,/s/fran_storage/datasets/raw_data/litsmc/images/litqsmall_00020.nii.gz,/s/fran_storage/datasets/raw_data/litsmc/lms/litqsmall_00020.nii.gz,2,0
36,litqsmall,litqsmall_00042,/s/datasets_bkp/litqsmall/images/litqsmall_00042.nii.gz,/s/datasets_bkp/litqsmall/lms/litqsmall_00042.nii.gz,/s/fran_storage/datasets/raw_data/litsmc/images/litqsmall_00042.nii.gz,/s/fran_storage/datasets/raw_data/litsmc/lms/litqsmall_00042.nii.gz,2,0
37,litqsmall,litqsmall_00024,/s/datasets_bkp/litqsmall/images/litqsmall_00024.nii.gz,/s/datasets_bkp/litqsmall/lms/litqsmall_00024.nrrd,/s/fran_storage/datasets/raw_data/litsmc/images/litqsmall_00024.nii.gz,/s/fran_storage/datasets/raw_data/litsmc/lms/litqsmall_00024.nrrd,2,0
38,litqsmall,litqsmall_00007,/s/datasets_bkp/litqsmall/images/litqsmall_00007.nii.gz,/s/datasets_bkp/litqsmall/lms/litqsmall_00007.nii.gz,/s/fran_storage/datasets/raw_data/litsmc/images/litqsmall_00007.nii.gz,/s/fran_storage/datasets/raw_data/litsmc/lms/litqsmall_00007.nii.gz,2,0
39,litqsmall,litqsmall_00006,/s/datasets_bkp/litqsmall/images/litqsmall_00006.nii.gz,/s/datasets_bkp/litqsmall/lms/litqsmall_00006.nii.gz,/s/fran_storage/datasets/raw_data/litsmc/images/litqsmall_00006.nii.gz,/s/fran_storage/datasets/raw_data/litsmc/lms/litqsmall_00006.nii.gz,2,0
40,litqsmall,litqsmall_00013,/s/datasets_bkp/litqsmall/images/litqsmall_00013.nii.gz,/s/datasets_bkp/litqsmall/lms/litqsmall_00013.nii.gz,/s/fran_storage/datasets/raw_data/litsmc/images/litqsmall_00013.nii.gz,/s/fran_storage/datasets/raw_data/litsmc/lms/litqsmall_00013.nii.gz,2,0
41,litqsmall,litqsmall_00030,/s/datasets_bkp/litqsmall/images/litqsmall_00030.nii.gz,/s/datasets_bkp/litqsmall/lms/litqsmall_00030.nii.gz,/s/fran_storage/datasets/raw_data/litsmc/images/litqsmall_00030.nii.gz,/s/fran_storage/datasets/raw_data/litsmc/lms/litqsmall_00030.nii.gz,2,0
42,litqsmall,litqsmall_00045,/s/datasets_bkp/litqsmall/images/litqsmall_00045.nii.gz,/s/datasets_bkp/litqsmall/lms/litqsmall_00045.nii.gz,/s/fran_storage/datasets/raw_data/litsmc/images/litqsmall_00045.nii.gz,/s/fran_storage/datasets/raw_data/litsmc/lms/litqsmall_00045.nii.gz,2,0
43,litqsmall,litqsmall_00029,/s/datasets_bkp/litqsmall/images/litqsmall_00029.nii.gz,/s/datasets_bkp/litqsmall/lms/litqsmall_00029.nrrd,/s/fran_storage/datasets/raw_data/litsmc/images/litqsmall_00029.nii.gz,/s/fran_storage/datasets/raw_data/litsmc/lms/litqsmall_00029.nrrd,2,0
44,litqsmall,litqsmall_00022,/s/datasets_bkp/litqsmall/images/litqsmall_00022.nii.gz,/s/datasets_bkp/litqsmall/lms/litqsmall_00022.nii.gz,/s/fran_storage/datasets/raw_data/litsmc/images/litqsmall_00022.nii.gz,/s/fran_storage/datasets/raw_data/litsmc/lms/litqsmall_00022.nii.gz,2,0
45,litqsmall,litqsmall_00011,/s/datasets_bkp/litqsmall/images/litqsmall_00011.nii.gz,/s/datasets_bkp/litqsmall/lms/litqsmall_00011.nii.gz,/s/fran_storage/datasets/raw_data/litsmc/images/litqsmall_00011.nii.gz,/s/fran_storage/datasets/raw_data/litsmc/lms/litqsmall_00011.nii.gz,2,0
46,litqsmall,litqsmall_00021,/s/datasets_bkp/litqsmall/images/litqsmall_00021.nii.gz,/s/datasets_bkp/litqsmall/lms/litqsmall_00021.nii.gz,/s/fran_storage/datasets/raw_data/litsmc/images/litqsmall_00021.nii.gz,/s/fran_storage/datasets/raw_data/litsmc/lms/litqsmall_00021.nii.gz,2,0
47,litqsmall,litqsmall_00002,/s/datasets_bkp/litqsmall/images/litqsmall_00002.nii.gz,/s/datasets_bkp/litqsmall/lms/litqsmall_00002.nii.gz,/s/fran_storage/datasets/raw_data/litsmc/images/litqsmall_00002.nii.gz,/s/fran_storage/datasets/raw_data/litsmc/lms/litqsmall_00002.nii.gz,1,0
48,litqsmall,litqsmall_00026,/s/datasets_bkp/litqsmall/images/litqsmall_00026.nii.gz,/s/datasets_bkp/litqsmall/lms/litqsmall_00026.nii.gz,/s/fran_storage/datasets/raw_data/litsmc/images/litqsmall_00026.nii.gz,/s/fran_storage/datasets/raw_data/litsmc/lms/litqsmall_00026.nii.gz,2,0
49,litqsmall,litqsmall_00025,/s/datasets_bkp/litqsmall/images/litqsmall_00025.nii.gz,/s/datasets_bkp/litqsmall/lms/litqsmall_00025.nii.gz,/s/fran_storage/datasets/raw_data/litsmc/images/litqsmall_00025.nii.gz,/s/fran_storage/datasets/raw_data/litsmc/lms/litqsmall_00025.nii.gz,2,0
50,litqsmall,litqsmall_00041,/s/datasets_bkp/litqsmall/images/litqsmall_00041.nii.gz,/s/datasets_bkp/litqsmall/lms/litqsmall_00041.nii.gz,/s/fran_storage/datasets/raw_data/litsmc/images/litqsmall_00041.nii.gz,/s/fran_storage/datasets/raw_data/litsmc/lms/litqsmall_00041.nii.gz,2,0
51,litqsmall,litqsmall_00043,/s/datasets_bkp/litqsmall/images/litqsmall_00043.nii.gz,/s/datasets_bkp/litqsmall/lms/litqsmall_00043.nii.gz,/s/fran_storage/datasets/raw_data/litsmc/images/litqsmall_00043.nii.gz,/s/fran_storage/datasets/raw_data/litsmc/lms/litqsmall_00043.nii.gz,2,0
52,litqsmall,litqsmall_00031,/s/datasets_bkp/litqsmall/images/litqsmall_00031.nii.gz,/s/datasets_bkp/litqsmall/lms/litqsmall_00031.nii.gz,/s/fran_storage/datasets/raw_data/litsmc/images/litqsmall_00031.nii.gz,/s/fran_storage/datasets/raw_data/litsmc/lms/litqsmall_00031.nii.gz,2,0
53,litqsmall,litqsmall_00012,/s/datasets_bkp/litqsmall/images/litqsmall_00012.nii.gz,/s/datasets_bkp/litqsmall/lms/litqsmall_00012.nii.gz,/s/fran_storage/datasets/raw_data/litsmc/images/litqsmall_00012.nii.gz,/s/fran_storage/datasets/raw_data/litsmc/lms/litqsmall_00012.nii.gz,2,0
54,litqsmall,litqsmall_00034,/s/datasets_bkp/litqsmall/images/litqsmall_00034.nii.gz,/s/datasets_bkp/litqsmall/lms/litqsmall_00034.nii.gz,/s/fran_storage/datasets/raw_data/litsmc/images/litqsmall_00034.nii.gz,/s/fran_storage/datasets/raw_data/litsmc/lms/litqsmall_00034.nii.gz,2,0
55,litqsmall,litqsmall_00008,/s/datasets_bkp/litqsmall/images/litqsmall_00008.nii.gz,/s/datasets_bkp/litqsmall/lms/litqsmall_00008.nii.gz,/s/fran_storage/datasets/raw_data/litsmc/images/litqsmall_00008.nii.gz,/s/fran_storage/datasets/raw_data/litsmc/lms/litqsmall_00008.nii.gz,2,0
56,litqsmall,litqsmall_00015,/s/datasets_bkp/litqsmall/images/litqsmall_00015.nii.gz,/s/datasets_bkp/litqsmall/lms/litqsmall_00015.nii.gz,/s/fran_storage/datasets/raw_data/litsmc/images/litqsmall_00015.nii.gz,/s/fran_storage/datasets/raw_data/litsmc/lms/litqsmall_00015.nii.gz,2,0
57,litqsmall,litqsmall_00014,/s/datasets_bkp/litqsmall/images/litqsmall_00014.nii.gz,/s/datasets_bkp/litqsmall/lms/litqsmall_00014.nrrd,/s/fran_storage/datasets/raw_data/litsmc/images/litqsmall_00014.nii.gz,/s/fran_storage/datasets/raw_data/litsmc/lms/litqsmall_00014.nrrd,2,0
58,litqsmall,litqsmall_00018,/s/datasets_bkp/litqsmall/images/litqsmall_00018.nii.gz,/s/datasets_bkp/litqsmall/lms/litqsmall_00018.nii.gz,/s/fran_storage/datasets/raw_data/litsmc/images/litqsmall_00018.nii.gz,/s/fran_storage/datasets/raw_data/litsmc/lms/litqsmall_00018.nii.gz,2,0
59,lits,lits_52,/s/datasets_bkp/lits_segs_improved/images/lits_52.nii.gz,/s/datasets_bkp/lits_segs_improved/lms/lits_52.nii.gz,/s/fran_storage/datasets/raw_data/litsmc/images/lits_52.nii.gz,/s/fran_storage/datasets/raw_data/litsmc/lms/lits_52.nii.gz,4,0
60,lits,lits_2,/s/datasets_bkp/lits_segs_improved/images/lits_2.nii.gz,/s/datasets_bkp/lits_segs_improved/lms/lits_2.nii.gz,/s/fran_storage/datasets/raw_data/litsmc/images/lits_2.nii.gz,/s/fran_storage/datasets/raw_data/litsmc/lms/lits_2.nii.gz,3,0
61,lits,lits_111,/s/datasets_bkp/lits_segs_improved/images/lits_111.nii.gz,/s/datasets_bkp/lits_segs_improved/lms/lits_111.nii.gz,/s/fran_storage/datasets/raw_data/litsmc/images/lits_111.nii.gz,/s/fran_storage/datasets/raw_data/litsmc/lms/lits_111.nii.gz,3,0
62,lits,lits_123,/s/datasets_bkp/lits_segs_improved/images/lits_123.nii.gz,/s/datasets_bkp/lits_segs_improved/lms/lits_123.nii.gz,/s/fran_storage/datasets/raw_data/litsmc/images/lits_123.nii.gz,/s/fran_storage/datasets/raw_data/litsmc/lms/lits_123.nii.gz,3,0
63,lits,lits_77,/s/datasets_bkp/lits_segs_improved/images/lits_77.nii.gz,/s/datasets_bkp/lits_segs_improved/lms/lits_77.nii.gz,/s/fran_storage/datasets/raw_data/litsmc/images/lits_77.nii.gz,/s/fran_storage/datasets/raw_data/litsmc/lms/lits_77.nii.gz,4,0
64,lits,lits_66,/s/datasets_bkp/lits_segs_improved/images/lits_66.nii.gz,/s/datasets_bkp/lits_segs_improved/lms/lits_66.nii.gz,/s/fran_storage/datasets/raw_data/litsmc/images/lits_66.nii.gz,/s/fran_storage/datasets/raw_data/litsmc/lms/lits_66.nii.gz,4,0
65,lits,lits_68,/s/datasets_bkp/lits_segs_improved/images/lits_68.nii.gz,/s/datasets_bkp/lits_segs_improved/lms/lits_68.nii.gz,/s/fran_storage/datasets/raw_data/litsmc/images/lits_68.nii.gz,/s/fran_storage/datasets/raw_data/litsmc/lms/lits_68.nii.gz,4,0
66,lits,lits_7ub,/s/datasets_bkp/lits_segs_improved/images/lits_7ub.nii.gz,/s/datasets_bkp/lits_segs_improved/lms/lits_7ub.nii.gz,/s/fran_storage/datasets/raw_data/litsmc/images/lits_7ub.nii.gz,/s/fran_storage/datasets/raw_data/litsmc/lms/lits_7ub.nii.gz,4,0
67,lits,lits_40,/s/datasets_bkp/lits_segs_improved/images/lits_40.nii.gz,/s/datasets_bkp/lits_segs_improved/lms/lits_40.nii.gz,/s/fran_storage/datasets/raw_data/litsmc/images/lits_40.nii.gz,/s/fran_storage/datasets/raw_data/litsmc/lms/lits_40.nii.gz,3,0
68,lits,lits_60,/s/datasets_bkp/lits_segs_improved/images/lits_60.nii.gz,/s/datasets_bkp/lits_segs_improved/lms/lits_60.nii.gz,/s/fran_storage/datasets/raw_data/litsmc/images/lits_60.nii.gz,/s/fran_storage/datasets/raw_data/litsmc/lms/lits_60.nii.gz,4,0
69,lits,lits_78,/s/datasets_bkp/lits_segs_improved/images/lits_78.nii.gz,/s/datasets_bkp/lits_segs_improved/lms/lits_78.nii.gz,/s/fran_storage/datasets/raw_data/litsmc/images/lits_78.nii.gz,/s/fran_storage/datasets/raw_data/litsmc/lms/lits_78.nii.gz,4,0
70,lits,lits_122,/s/datasets_bkp/lits_segs_improved/images/lits_122.nii.gz,/s/datasets_bkp/lits_segs_improved/lms/lits_122.nii.gz,/s/fran_storage/datasets/raw_data/litsmc/images/lits_122.nii.gz,/s/fran_storage/datasets/raw_data/litsmc/lms/lits_122.nii.gz,3,0
71,lits,lits_3ub,/s/datasets_bkp/lits_segs_improved/images/lits_3ub.nii.gz,/s/datasets_bkp/lits_segs_improved/lms/lits_3ub.nii.gz,/s/fran_storage/datasets/raw_data/litsmc/images/lits_3ub.nii.gz,/s/fran_storage/datasets/raw_data/litsmc/lms/lits_3ub.nii.gz,3,0
72,lits,lits_75,/s/datasets_bkp/lits_segs_improved/images/lits_75.nii.gz,/s/datasets_bkp/lits_segs_improved/lms/lits_75.nii.gz,/s/fran_storage/datasets/raw_data/litsmc/images/lits_75.nii.gz,/s/fran_storage/datasets/raw_data/litsmc/lms/lits_75.nii.gz,4,0
73,lits,lits_79,/s/datasets_bkp/lits_segs_improved/images/lits_79.nii.gz,/s/datasets_bkp/lits_segs_improved/lms/lits_79.nii.gz,/s/fran_storage/datasets/raw_data/litsmc/images/lits_79.nii.gz,/s/fran_storage/datasets/raw_data/litsmc/lms/lits_79.nii.gz,4,0
74,lits,lits_98,/s/datasets_bkp/lits_segs_improved/images/lits_98.nii.gz,/s/datasets_bkp/lits_segs_improved/lms/lits_98.nii.gz,/s/fran_storage/datasets/raw_data/litsmc/images/lits_98.nii.gz,/s/fran_storage/datasets/raw_data/litsmc/lms/lits_98.nii.gz,4,0
75,lits,lits_70,/s/datasets_bkp/lits_segs_improved/images/lits_70.nii.gz,/s/datasets_bkp/lits_segs_improved/lms/lits_70.nii.gz,/s/fran_storage/datasets/raw_data/litsmc/images/lits_70.nii.gz,/s/fran_storage/datasets/raw_data/litsmc/lms/lits_70.nii.gz,4,0
76,lits,lits_16,/s/datasets_bkp/lits_segs_improved/images/lits_16.nii.gz,/s/datasets_bkp/lits_segs_improved/lms/lits_16.nii.gz,/s/fran_storage/datasets/raw_data/litsmc/images/lits_16.nii.gz,/s/fran_storage/datasets/raw_data/litsmc/lms/lits_16.nii.gz,3,0
77,lits,lits_58,/s/datasets_bkp/lits_segs_improved/images/lits_58.nii.gz,/s/datasets_bkp/lits_segs_improved/lms/lits_58.nii.gz,/s/fran_storage/datasets/raw_data/litsmc/images/lits_58.nii.gz,/s/fran_storage/datasets/raw_data/litsmc/lms/lits_58.nii.gz,4,0
78,lits,lits_72,/s/datasets_bkp/lits_segs_improved/images/lits_72.nii.gz,/s/datasets_bkp/lits_segs_improved/lms/lits_72.nii.gz,/s/fran_storage/datasets/raw_data/litsmc/images/lits_72.nii.gz,/s/fran_storage/datasets/raw_data/litsmc/lms/lits_72.nii.gz,4,0
79,lits,lits_20,/s/datasets_bkp/lits_segs_improved/images/lits_20.nii.gz,/s/datasets_bkp/lits_segs_improved/lms/lits_20.nii.gz,/s/fran_storage/datasets/raw_data/litsmc/images/lits_20.nii.gz,/s/fran_storage/datasets/raw_data/litsmc/lms/lits_20.nii.gz,3,0
80,lits,lits_10ub,/s/datasets_bkp/lits_segs_improved/images/lits_10ub.nii.gz,/s/datasets_bkp/lits_segs_improved/lms/lits_10ub.nii.gz,/s/fran_storage/datasets/raw_data/litsmc/images/lits_10ub.nii.gz,/s/fran_storage/datasets/raw_data/litsmc/lms/lits_10ub.nii.gz,2,0
81,lits,lits_14,/s/datasets_bkp/lits_segs_improved/images/lits_14.nii.gz,/s/datasets_bkp/lits_segs_improved/lms/lits_14.nii.gz,/s/fran_storage/datasets/raw_data/litsmc/images/lits_14.nii.gz,/s/fran_storage/datasets/raw_data/litsmc/lms/lits_14.nii.gz,3,0
82,lits,lits_0ub,/s/datasets_bkp/lits_segs_improved/images/lits_0ub.nii.gz,/s/datasets_bkp/lits_segs_improved/lms/lits_0ub.nii.gz,/s/fran_storage/datasets/raw_data/litsmc/images/lits_0ub.nii.gz,/s/fran_storage/datasets/raw_data/litsmc/lms/lits_0ub.nii.gz,2,0
83,lits,lits_88,/s/datasets_bkp/lits_segs_improved/images/lits_88.nii.gz,/s/datasets_bkp/lits_segs_improved/lms/lits_88.nii.gz,/s/fran_storage/datasets/raw_data/litsmc/images/lits_88.nii.gz,/s/fran_storage/datasets/raw_data/litsmc/lms/lits_88.nii.gz,4,0
84,lits,lits_120,/s/datasets_bkp/lits_segs_improved/images/lits_120.nii.gz,/s/datasets_bkp/lits_segs_improved/lms/lits_120.nii.gz,/s/fran_storage/datasets/raw_data/litsmc/images/lits_120.nii.gz,/s/fran_storage/datasets/raw_data/litsmc/lms/lits_120.nii.gz,3,0
85,lits,lits_73,/s/datasets_bkp/lits_segs_improved/images/lits_73.nii.gz,/s/datasets_bkp/lits_segs_improved/lms/lits_73.nii.gz,/s/fran_storage/datasets/raw_data/litsmc/images/lits_73.nii.gz,/s/fran_storage/datasets/raw_data/litsmc/lms/lits_73.nii.gz,4,0
86,lits,lits_129ub,/s/datasets_bkp/lits_segs_improved/images/lits_129ub.nii.gz,/s/datasets_bkp/lits_segs_improved/lms/lits_129ub.nii.gz,/s/fran_storage/datasets/raw_data/litsmc/images/lits_129ub.nii.gz,/s/fran_storage/datasets/raw_data/litsmc/lms/lits_129ub.nii.gz,3,0
87,lits,lits_80,/s/datasets_bkp/lits_segs_improved/images/lits_80.nii.gz,/s/datasets_bkp/lits_segs_improved/lms/lits_80.nii.gz,/s/fran_storage/datasets/raw_data/litsmc/images/lits_80.nii.gz,/s/fran_storage/datasets/raw_data/litsmc/lms/lits_80.nii.gz,4,0
88,lits,lits_112,/s/datasets_bkp/lits_segs_improved/images/lits_112.nii.gz,/s/datasets_bkp/lits_segs_improved/lms/lits_112.nii.gz,/s/fran_storage/datasets/raw_data/litsmc/images/lits_112.nii.gz,/s/fran_storage/datasets/raw_data/litsmc/lms/lits_112.nii.gz,3,0
89,lits,lits_15ub,/s/datasets_bkp/lits_segs_improved/images/lits_15ub.nii.gz,/s/datasets_bkp/lits_segs_improved/lms/lits_15ub.nii.gz,/s/fran_storage/datasets/raw_data/litsmc/images/lits_15ub.nii.gz,/s/fran_storage/datasets/raw_data/litsmc/lms/lits_15ub.nii.gz,3,0
90,lits,lits_26ub,/s/datasets_bkp/lits_segs_improved/images/lits_26ub.nii.gz,/s/datasets_bkp/lits_segs_improved/lms/lits_26ub.nii.gz,/s/fran_storage/datasets/raw_data/litsmc/images/lits_26ub.nii.gz,/s/fran_storage/datasets/raw_data/litsmc/lms/lits_26ub.nii.gz,3,0
91,lits,lits_1ub,/s/datasets_bkp/lits_segs_improved/images/lits_1ub.nii.gz,/s/datasets_bkp/lits_segs_improved/lms/lits_1ub.nii.gz,/s/fran_storage/datasets/raw_data/litsmc/images/lits_1ub.nii.gz,/s/fran_storage/datasets/raw_data/litsmc/lms/lits_1ub.nii.gz,3,0
92,lits,lits_76,/s/datasets_bkp/lits_segs_improved/images/lits_76.nii.gz,/s/datasets_bkp/lits_segs_improved/lms/lits_76.nii.gz,/s/fran_storage/datasets/raw_data/litsmc/images/lits_76.nii.gz,/s/fran_storage/datasets/raw_data/litsmc/lms/lits_76.nii.gz,4,0
93,lits,lits_74,/s/datasets_bkp/lits_segs_improved/images/lits_74.nii.gz,/s/datasets_bkp/lits_segs_improved/lms/lits_74.nii.gz,/s/fran_storage/datasets/raw_data/litsmc/images/lits_74.nii.gz,/s/fran_storage/datasets/raw_data/litsmc/lms/lits_74.nii.gz,4,0
94,lits,lits_95,/s/datasets_bkp/lits_segs_improved/images/lits_95.nii.gz,/s/datasets_bkp/lits_segs_improved/lms/lits_95.nii.gz,/s/fran_storage/datasets/raw_data/litsmc/images/lits_95.nii.gz,/s/fran_storage/datasets/raw_data/litsmc/lms/lits_95.nii.gz,4,0
95,lits,lits_92ub,/s/datasets_bkp/lits_segs_improved/images/lits_92ub.nii.gz,/s/datasets_bkp/lits_segs_improved/lms/lits_92ub.nii.gz,/s/fran_storage/datasets/raw_data/litsmc/images/lits_92ub.nii.gz,/s/fran_storage/datasets/raw_data/litsmc/lms/lits_92ub.nii.gz,4,0
96,lits,lits_94,/s/datasets_bkp/lits_segs_improved/images/lits_94.nii.gz,/s/datasets_bkp/lits_segs_improved/lms/lits_94.nii.gz,/s/fran_storage/datasets/raw_data/litsmc/images/lits_94.nii.gz,/s/fran_storage/datasets/raw_data/litsmc/lms/lits_94.nii.gz,4,0
97,lits,lits_106ub,/s/datasets_bkp/lits_segs_improved/images/lits_106ub.nii.gz,/s/datasets_bkp/lits_segs_improved/lms/lits_106ub.nii.gz,/s/fran_storage/datasets/raw_data/litsmc/images/lits_106ub.nii.gz,/s/fran_storage/datasets/raw_data/litsmc/lms/lits_106ub.nii.gz,2,0
98,lits,lits_29,/s/datasets_bkp/lits_segs_improved/images/lits_29.nii.gz,/s/datasets_bkp/lits_segs_improved/lms/lits_29.nii.gz,/s/fran_storage/datasets/raw_data/litsmc/images/lits_29.nii.gz,/s/fran_storage/datasets/raw_data/litsmc/lms/lits_29.nii.gz,3,0
99,lits,lits_25,/s/datasets_bkp/lits_segs_improved/images/lits_25.nii.gz,/s/datasets_bkp/lits_segs_improved/lms/lits_25.nii.gz,/s/fran_storage/datasets/raw_data/litsmc/images/lits_25.nii.gz,/s/fran_storage/datasets/raw_data/litsmc/lms/lits_25.nii.gz,3,0
100,lits,lits_125,/s/datasets_bkp/lits_segs_improved/images/lits_125.nii.gz,/s/datasets_bkp/lits_segs_improved/lms/lits_125.nii.gz,/s/fran_storage/datasets/raw_data/litsmc/images/lits_125.nii.gz,/s/fran_storage/datasets/raw_data/litsmc/lms/lits_125.nii.gz,3,0
101,lits,lits_27,/s/datasets_bkp/lits_segs_improved/images/lits_27.nii.gz,/s/datasets_bkp/lits_segs_improved/lms/lits_27.nii.gz,/s/fran_storage/datasets/raw_data/litsmc/images/lits_27.nii.gz,/s/fran_storage/datasets/raw_data/litsmc/lms/lits_27.nii.gz,3,0
102,lits,lits_41,/s/datasets_bkp/lits_segs_improved/images/lits_41.nii.gz,/s/datasets_bkp/lits_segs_improved/lms/lits_41.nii.gz,/s/fran_storage/datasets/raw_data/litsmc/images/lits_41.nii.gz,/s/fran_storage/datasets/raw_data/litsmc/lms/lits_41.nii.gz,3,0
103,lits,lits_22,/s/datasets_bkp/lits_segs_improved/images/lits_22.nii.gz,/s/datasets_bkp/lits_segs_improved/lms/lits_22.nii.gz,/s/fran_storage/datasets/raw_data/litsmc/images/lits_22.nii.gz,/s/fran_storage/datasets/raw_data/litsmc/lms/lits_22.nii.gz,3,0
104,lits,lits_108,/s/datasets_bkp/lits_segs_improved/images/lits_108.nii.gz,/s/datasets_bkp/lits_segs_improved/lms/lits_108.nii.gz,/s/fran_storage/datasets/raw_data/litsmc/images/lits_108.nii.gz,/s/fran_storage/datasets/raw_data/litsmc/lms/lits_108.nii.gz,2,0
105,lits,lits_99,/s/datasets_bkp/lits_segs_improved/images/lits_99.nii.gz,/s/datasets_bkp/lits_segs_improved/lms/lits_99.nii.gz,/s/fran_storage/datasets/raw_data/litsmc/images/lits_99.nii.gz,/s/fran_storage/datasets/raw_data/litsmc/lms/lits_99.nii.gz,4,0
106,lits,lits_42,/s/datasets_bkp/lits_segs_improved/images/lits_42.nii.gz,/s/datasets_bkp/lits_segs_improved/lms/lits_42.nii.gz,/s/fran_storage/datasets/raw_data/litsmc/images/lits_42.nii.gz,/s/fran_storage/datasets/raw_data/litsmc/lms/lits_42.nii.gz,3,0
107,lits,lits_54,/s/datasets_bkp/lits_segs_improved/images/lits_54.nii.gz,/s/datasets_bkp/lits_segs_improved/lms/lits_54.nii.gz,/s/fran_storage/datasets/raw_data/litsmc/images/lits_54.nii.gz,/s/fran_storage/datasets/raw_data/litsmc/lms/lits_54.nii.gz,4,0
108,lits,lits_53,/s/datasets_bkp/lits_segs_improved/images/lits_53.nii.gz,/s/datasets_bkp/lits_segs_improved/lms/lits_53.nii.gz,/s/fran_storage/datasets/raw_data/litsmc/images/lits_53.nii.gz,/s/fran_storage/datasets/raw_data/litsmc/lms/lits_53.nii.gz,4,0
109,lits,lits_86,/s/datasets_bkp/lits_segs_improved/images/lits_86.nii.gz,/s/datasets_bkp/lits_segs_improved/lms/lits_86.nii.gz,/s/fran_storage/datasets/raw_data/litsmc/images/lits_86.nii.gz,/s/fran_storage/datasets/raw_data/litsmc/lms/lits_86.nii.gz,4,0
110,lits,lits_110,/s/datasets_bkp/lits_segs_improved/images/lits_110.nii.gz,/s/datasets_bkp/lits_segs_improved/lms/lits_110.nii.gz,/s/fran_storage/datasets/raw_data/litsmc/images/lits_110.nii.gz,/s/fran_storage/datasets/raw_data/litsmc/lms/lits_110.nii.gz,3,0
111,lits,lits_82,/s/datasets_bkp/lits_segs_improved/images/lits_82.nii.gz,/s/datasets_bkp/lits_segs_improved/lms/lits_82.nii.gz,/s/fran_storage/datasets/raw_data/litsmc/images/lits_82.nii.gz,/s/fran_storage/datasets/raw_data/litsmc/lms/lits_82.nii.gz,4,0
112,lits,lits_97,/s/datasets_bkp/lits_segs_improved/images/lits_97.nii.gz,/s/datasets_bkp/lits_segs_improved/lms/lits_97.nii.gz,/s/fran_storage/datasets/raw_data/litsmc/images/lits_97.nii.gz,/s/fran_storage/datasets/raw_data/litsmc/lms/lits_97.nii.gz,4,0
113,lits,lits_118,/s/datasets_bkp/lits_segs_improved/images/lits_118.nii.gz,/s/datasets_bkp/lits_segs_improved/lms/lits_118.nii.gz,/s/fran_storage/datasets/raw_data/litsmc/images/lits_118.nii.gz,/s/fran_storage/datasets/raw_data/litsmc/lms/lits_118.nii.gz,3,0
114,lits,lits_102,/s/datasets_bkp/lits_segs_improved/images/lits_102.nii.gz,/s/datasets_bkp/lits_segs_improved/lms/lits_102.nii.gz,/s/fran_storage/datasets/raw_data/litsmc/images/lits_102.nii.gz,/s/fran_storage/datasets/raw_data/litsmc/lms/lits_102.nii.gz,2,0
115,lits,lits_33,/s/datasets_bkp/lits_segs_improved/images/lits_33.nii.gz,/s/datasets_bkp/lits_segs_improved/lms/lits_33.nii.gz,/s/fran_storage/datasets/raw_data/litsmc/images/lits_33.nii.gz,/s/fran_storage/datasets/raw_data/litsmc/lms/lits_33.nii.gz,3,0
116,lits,lits_104ub,/s/datasets_bkp/lits_segs_improved/images/lits_104ub.nii.gz,/s/datasets_bkp/lits_segs_improved/lms/lits_104ub.nii.gz,/s/fran_storage/datasets/raw_data/litsmc/images/lits_104ub.nii.gz,/s/fran_storage/datasets/raw_data/litsmc/lms/lits_104ub.nii.gz,2,0
117,lits,lits_59,/s/datasets_bkp/lits_segs_improved/images/lits_59.nii.gz,/s/datasets_bkp/lits_segs_improved/lms/lits_59.nii.gz,/s/fran_storage/datasets/raw_data/litsmc/images/lits_59.nii.gz,/s/fran_storage/datasets/raw_data/litsmc/lms/lits_59.nii.gz,4,0
118,lits,lits_96ub,/s/datasets_bkp/lits_segs_improved/images/lits_96ub.nii.gz,/s/datasets_bkp/lits_segs_improved/lms/lits_96ub.nii.gz,/s/fran_storage/datasets/raw_data/litsmc/images/lits_96ub.nii.gz,/s/fran_storage/datasets/raw_data/litsmc/lms/lits_96ub.nii.gz,4,0
119,lits,lits_6ub,/s/datasets_bkp/lits_segs_improved/images/lits_6ub.nii.gz,/s/datasets_bkp/lits_segs_improved/lms/lits_6ub.nii.gz,/s/fran_storage/datasets/raw_data/litsmc/images/lits_6ub.nii.gz,/s/fran_storage/datasets/raw_data/litsmc/lms/lits_6ub.nii.gz,4,0
120,lits,lits_50,/s/datasets_bkp/lits_segs_improved/images/lits_50.nii.gz,/s/datasets_bkp/lits_segs_improved/lms/lits_50.nii.gz,/s/fran_storage/datasets/raw_data/litsmc/images/lits_50.nii.gz,/s/fran_storage/datasets/raw_data/litsmc/lms/lits_50.nii.gz,4,0
121,lits,lits_23,/s/datasets_bkp/lits_segs_improved/images/lits_23.nii.gz,/s/datasets_bkp/lits_segs_improved/lms/lits_23.nii.gz,/s/fran_storage/datasets/raw_data/litsmc/images/lits_23.nii.gz,/s/fran_storage/datasets/raw_data/litsmc/lms/lits_23.nii.gz,3,0
122,lits,lits_48,/s/datasets_bkp/lits_segs_improved/images/lits_48.nii.gz,/s/datasets_bkp/lits_segs_improved/lms/lits_48.nii.gz,/s/fran_storage/datasets/raw_data/litsmc/images/lits_48.nii.gz,/s/fran_storage/datasets/raw_data/litsmc/lms/lits_48.nii.gz,3,0
123,lits,lits_113ub,/s/datasets_bkp/lits_segs_improved/images/lits_113ub.nii.gz,/s/datasets_bkp/lits_segs_improved/lms/lits_113ub.nii.gz,/s/fran_storage/datasets/raw_data/litsmc/images/lits_113ub.nii.gz,/s/fran_storage/datasets/raw_data/litsmc/lms/lits_113ub.nii.gz,3,0
124,lits,lits_57,/s/datasets_bkp/lits_segs_improved/images/lits_57.nii.gz,/s/datasets_bkp/lits_segs_improved/lms/lits_57.nii.gz,/s/fran_storage/datasets/raw_data/litsmc/images/lits_57.nii.gz,/s/fran_storage/datasets/raw_data/litsmc/lms/lits_57.nii.gz,4,0
125,lits,lits_101ub,/s/datasets_bkp/lits_segs_improved/images/lits_101ub.nii.gz,/s/datasets_bkp/lits_segs_improved/lms/lits_101ub.nii.gz,/s/fran_storage/datasets/raw_data/litsmc/images/lits_101ub.nii.gz,/s/fran_storage/datasets/raw_data/litsmc/lms/lits_101ub.nii.gz,2,0
126,lits,lits_36ub,/s/datasets_bkp/lits_segs_improved/images/lits_36ub.nii.gz,/s/datasets_bkp/lits_segs_improved/lms/lits_36ub.nii.gz,/s/fran_storage/datasets/raw_data/litsmc/images/lits_36ub.nii.gz,/s/fran_storage/datasets/raw_data/litsmc/lms/lits_36ub.nii.gz,3,0
127,lits,lits_9,/s/datasets_bkp/lits_segs_improved/images/lits_9.nii.gz,/s/datasets_bkp/lits_segs_improved/lms/lits_9.nii.gz,/s/fran_storage/datasets/raw_data/litsmc/images/lits_9.nii.gz,/s/fran_storage/datasets/raw_data/litsmc/lms/lits_9.nii.gz,4,0
128,lits,lits_17,/s/datasets_bkp/lits_segs_improved/images/lits_17.nii.gz,/s/datasets_bkp/lits_segs_improved/lms/lits_17.nii.gz,/s/fran_storage/datasets/raw_data/litsmc/images/lits_17.nii.gz,/s/fran_storage/datasets/raw_data/litsmc/lms/lits_17.nii.gz,3,0
129,lits,lits_37,/s/datasets_bkp/lits_segs_improved/images/lits_37.nii.gz,/s/datasets_bkp/lits_segs_improved/lms/lits_37.nii.gz,/s/fran_storage/datasets/raw_data/litsmc/images/lits_37.nii.gz,/s/fran_storage/datasets/raw_data/litsmc/lms/lits_37.nii.gz,3,0
130,lits,lits_28,/s/datasets_bkp/lits_segs_improved/images/lits_28.nii.gz,/s/datasets_bkp/lits_segs_improved/lms/lits_28.nii.gz,/s/fran_storage/datasets/raw_data/litsmc/images/lits_28.nii.gz,/s/fran_storage/datasets/raw_data/litsmc/lms/lits_28.nii.gz,3,0
131,lits,lits_18,/s/datasets_bkp/lits_segs_improved/images/lits_18.nii.gz,/s/datasets_bkp/lits_segs_improved/lms/lits_18.nii.gz,/s/fran_storage/datasets/raw_data/litsmc/images/lits_18.nii.gz,/s/fran_storage/datasets/raw_data/litsmc/lms/lits_18.nii.gz,3,0
132,lits,lits_124,/s/datasets_bkp/lits_segs_improved/images/lits_124.nii.gz,/s/datasets_bkp/lits_segs_improved/lms/lits_124.nii.gz,/s/fran_storage/datasets/raw_data/litsmc/images/lits_124.nii.gz,/s/fran_storage/datasets/raw_data/litsmc/lms/lits_124.nii.gz,3,0
133,lits,lits_46,/s/datasets_bkp/lits_segs_improved/images/lits_46.nii.gz,/s/datasets_bkp/lits_segs_improved/lms/lits_46.nii.gz,/s/fran_storage/datasets/raw_data/litsmc/images/lits_46.nii.gz,/s/fran_storage/datasets/raw_data/litsmc/lms/lits_46.nii.gz,3,0
134,lits,lits_5,/s/datasets_bkp/lits_segs_improved/images/lits_5.nii.gz,/s/datasets_bkp/lits_segs_improved/lms/lits_5.nii.gz,/s/fran_storage/datasets/raw_data/litsmc/images/lits_5.nii.gz,/s/fran_storage/datasets/raw_data/litsmc/lms/lits_5.nii.gz,3,0
135,lits,lits_71,/s/datasets_bkp/lits_segs_improved/images/lits_71.nii.gz,/s/datasets_bkp/lits_segs_improved/lms/lits_71.nii.gz,/s/fran_storage/datasets/raw_data/litsmc/images/lits_71.nii.gz,/s/fran_storage/datasets/raw_data/litsmc/lms/lits_71.nii.gz,4,0
136,lits,lits_44ub,/s/datasets_bkp/lits_segs_improved/images/lits_44ub.nii.gz,/s/datasets_bkp/lits_segs_improved/lms/lits_44ub.nii.gz,/s/fran_storage/datasets/raw_data/litsmc/images/lits_44ub.nii.gz,/s/fran_storage/datasets/raw_data/litsmc/lms/lits_44ub.nii.gz,3,0
137,lits,lits_103ub,/s/datasets_bkp/lits_segs_improved/images/lits_103ub.nii.gz,/s/datasets_bkp/lits_segs_improved/lms/lits_103ub.nii.gz,/s/fran_storage/datasets/raw_data/litsmc/images/lits_103ub.nii.gz,/s/fran_storage/datasets/raw_data/litsmc/lms/lits_103ub.nii.gz,2,0
138,lits,lits_56,/s/datasets_bkp/lits_segs_improved/images/lits_56.nii.gz,/s/datasets_bkp/lits_segs_improved/lms/lits_56.nii.gz,/s/fran_storage/datasets/raw_data/litsmc/images/lits_56.nii.gz,/s/fran_storage/datasets/raw_data/litsmc/lms/lits_56.nii.gz,4,0
139,lits,lits_85,/s/datasets_bkp/lits_segs_improved/images/lits_85.nii.gz,/s/datasets_bkp/lits_segs_improved/lms/lits_85.nii.gz,/s/fran_storage/datasets/raw_data/litsmc/images/lits_85.nii.gz,/s/fran_storage/datasets/raw_data/litsmc/lms/lits_85.nii.gz,4,0
140,lits,lits_51,/s/datasets_bkp/lits_segs_improved/images/lits_51.nii.gz,/s/datasets_bkp/lits_segs_improved/lms/lits_51.nii.gz,/s/fran_storage/datasets/raw_data/litsmc/images/lits_51.nii.gz,/s/fran_storage/datasets/raw_data/litsmc/lms/lits_51.nii.gz,4,0
141,lits,lits_11,/s/datasets_bkp/lits_segs_improved/images/lits_11.nii.gz,/s/datasets_bkp/lits_segs_improved/lms/lits_11.nii.gz,/s/fran_storage/datasets/raw_data/litsmc/images/lits_11.nii.gz,/s/fran_storage/datasets/raw_data/litsmc/lms/lits_11.nii.gz,2,0
142,lits,lits_21,/s/datasets_bkp/lits_segs_improved/images/lits_21.nii.gz,/s/datasets_bkp/lits_segs_improved/lms/lits_21.nii.gz,/s/fran_storage/datasets/raw_data/litsmc/images/lits_21.nii.gz,/s/fran_storage/datasets/raw_data/litsmc/lms/lits_21.nii.gz,3,0
143,lits,lits_69,/s/datasets_bkp/lits_segs_improved/images/lits_69.nii.gz,/s/datasets_bkp/lits_segs_improved/lms/lits_69.nii.gz,/s/fran_storage/datasets/raw_data/litsmc/images/lits_69.nii.gz,/s/fran_storage/datasets/raw_data/litsmc/lms/lits_69.nii.gz,4,0
144,lits,lits_19,/s/datasets_bkp/lits_segs_improved/images/lits_19.nii.gz,/s/datasets_bkp/lits_segs_improved/lms/lits_19.nii.gz,/s/fran_storage/datasets/raw_data/litsmc/images/lits_19.nii.gz,/s/fran_storage/datasets/raw_data/litsmc/lms/lits_19.nii.gz,3,0
145,lits,lits_61,/s/datasets_bkp/lits_segs_improved/images/lits_61.nii.gz,/s/datasets_bkp/lits_segs_improved/lms/lits_61.nii.gz,/s/fran_storage/datasets/raw_data/litsmc/images/lits_61.nii.gz,/s/fran_storage/datasets/raw_data/litsmc/lms/lits_61.nii.gz,4,0
146,lits,lits_93,/s/datasets_bkp/lits_segs_improved/images/lits_93.nii.gz,/s/datasets_bkp/lits_segs_improved/lms/lits_93.nii.gz,/s/fran_storage/datasets/raw_data/litsmc/images/lits_93.nii.gz,/s/fran_storage/datasets/raw_data/litsmc/lms/lits_93.nii.gz,4,0
147,lits,lits_62,/s/datasets_bkp/lits_segs_improved/images/lits_62.nii.gz,/s/datasets_bkp/lits_segs_improved/lms/lits_62.nii.gz,/s/fran_storage/datasets/raw_data/litsmc/images/lits_62.nii.gz,/s/fran_storage/datasets/raw_data/litsmc/lms/lits_62.nii.gz,4,0
148,lits,lits_109ub,/s/datasets_bkp/lits_segs_improved/images/lits_109ub.nii.gz,/s/datasets_bkp/lits_segs_improved/lms/lits_109ub.nii.gz,/s/fran_storage/datasets/raw_data/litsmc/images/lits_109ub.nii.gz,/s/fran_storage/datasets/raw_data/litsmc/lms/lits_109ub.nii.gz,2,0
149,lits,lits_64,/s/datasets_bkp/lits_segs_improved/images/lits_64.nii.gz,/s/datasets_bkp/lits_segs_improved/lms/lits_64.nii.gz,/s/fran_storage/datasets/raw_data/litsmc/images/lits_64.nii.gz,/s/fran_storage/datasets/raw_data/litsmc/lms/lits_64.nii.gz,4,0
150,lits,lits_100,/s/datasets_bkp/lits_segs_improved/images/lits_100.nii.gz,/s/datasets_bkp/lits_segs_improved/lms/lits_100.nii.gz,/s/fran_storage/datasets/raw_data/litsmc/images/lits_100.nii.gz,/s/fran_storage/datasets/raw_data/litsmc/lms/lits_100.nii.gz,2,0
151,lits,lits_81,/s/datasets_bkp/lits_segs_improved/images/lits_81.nii.gz,/s/datasets_bkp/lits_segs_improved/lms/lits_81.nii.gz,/s/fran_storage/datasets/raw_data/litsmc/images/lits_81.nii.gz,/s/fran_storage/datasets/raw_data/litsmc/lms/lits_81.nii.gz,4,0
152,lits,lits_107,/s/datasets_bkp/lits_segs_improved/images/lits_107.nii.gz,/s/datasets_bkp/lits_segs_improved/lms/lits_107.nii.gz,/s/fran_storage/datasets/raw_data/litsmc/images/lits_107.nii.gz,/s/fran_storage/datasets/raw_data/litsmc/lms/lits_107.nii.gz,2,0
153,lits,lits_128,/s/datasets_bkp/lits_segs_improved/images/lits_128.nii.gz,/s/datasets_bkp/lits_segs_improved/lms/lits_128.nii.gz,/s/fran_storage/datasets/raw_data/litsmc/images/lits_128.nii.gz,/s/fran_storage/datasets/raw_data/litsmc/lms/lits_128.nii.gz,3,0
154,lits,lits_13,/s/datasets_bkp/lits_segs_improved/images/lits_13.nii.gz,/s/datasets_bkp/lits_segs_improved/lms/lits_13.nii.gz,/s/fran_storage/datasets/raw_data/litsmc/images/lits_13.nii.gz,/s/fran_storage/datasets/raw_data/litsmc/lms/lits_13.nii.gz,3,0
155,lits,lits_84,/s/datasets_bkp/lits_segs_improved/images/lits_84.nii.gz,/s/datasets_bkp/lits_segs_improved/lms/lits_84.nii.gz,/s/fran_storage/datasets/raw_data/litsmc/images/lits_84.nii.gz,/s/fran_storage/datasets/raw_data/litsmc/lms/lits_84.nii.gz,4,0
156,lits,lits_8ub,/s/datasets_bkp/lits_segs_improved/images/lits_8ub.nii.gz,/s/datasets_bkp/lits_segs_improved/lms/lits_8ub.nii.gz,/s/fran_storage/datasets/raw_data/litsmc/images/lits_8ub.nii.gz,/s/fran_storage/datasets/raw_data/litsmc/lms/lits_8ub.nii.gz,4,0
157,lits,lits_4,/s/datasets_bkp/lits_segs_improved/images/lits_4.nii.gz,/s/datasets_bkp/lits_segs_improved/lms/lits_4.nii.gz,/s/fran_storage/datasets/raw_data/litsmc/images/lits_4.nii.gz,/s/fran_storage/datasets/raw_data/litsmc/lms/lits_4.nii.gz,3,0
158,lits,lits_126,/s/datasets_bkp/lits_segs_improved/images/lits_126.nii.gz,/s/datasets_bkp/lits_segs_improved/lms/lits_126.nii.gz,/s/fran_storage/datasets/raw_data/litsmc/images/lits_126.nii.gz,/s/fran_storage/datasets/raw_data/litsmc/lms/lits_126.nii.gz,3,0
159,lits,lits_39,/s/datasets_bkp/lits_segs_improved/images/lits_39.nii.gz,/s/datasets_bkp/lits_segs_improved/lms/lits_39.nii.gz,/s/fran_storage/datasets/raw_data/litsmc/images/lits_39.nii.gz,/s/fran_storage/datasets/raw_data/litsmc/lms/lits_39.nii.gz,3,0
160,lits,lits_49ub,/s/datasets_bkp/lits_segs_improved/images/lits_49ub.nii.gz,/s/datasets_bkp/lits_segs_improved/lms/lits_49ub.nii.gz,/s/fran_storage/datasets/raw_data/litsmc/images/lits_49ub.nii.gz,/s/fran_storage/datasets/raw_data/litsmc/lms/lits_49ub.nii.gz,3,0
161,lits,lits_90,/s/datasets_bkp/lits_segs_improved/images/lits_90.nii.gz,/s/datasets_bkp/lits_segs_improved/lms/lits_90.nii.gz,/s/fran_storage/datasets/raw_data/litsmc/images/lits_90.nii.gz,/s/fran_storage/datasets/raw_data/litsmc/lms/lits_90.nii.gz,4,0
162,lits,lits_55,/s/datasets_bkp/lits_segs_improved/images/lits_55.nii.gz,/s/datasets_bkp/lits_segs_improved/lms/lits_55.nii.gz,/s/fran_storage/datasets/raw_data/litsmc/images/lits_55.nii.gz,/s/fran_storage/datasets/raw_data/litsmc/lms/lits_55.nii.gz,4,0
163,lits,lits_117,/s/datasets_bkp/lits_segs_improved/images/lits_117.nii.gz,/s/datasets_bkp/lits_segs_improved/lms/lits_117.nii.gz,/s/fran_storage/datasets/raw_data/litsmc/images/lits_117.nii.gz,/s/fran_storage/datasets/raw_data/litsmc/lms/lits_117.nii.gz,3,0
164,lits,lits_63,/s/datasets_bkp/lits_segs_improved/images/lits_63.nii.gz,/s/datasets_bkp/lits_segs_improved/lms/lits_63.nii.gz,/s/fran_storage/datasets/raw_data/litsmc/images/lits_63.nii.gz,/s/fran_storage/datasets/raw_data/litsmc/lms/lits_63.nii.gz,4,0
165,lits,lits_67,/s/datasets_bkp/lits_segs_improved/images/lits_67.nii.gz,/s/datasets_bkp/lits_segs_improved/lms/lits_67.nii.gz,/s/fran_storage/datasets/raw_data/litsmc/images/lits_67.nii.gz,/s/fran_storage/datasets/raw_data/litsmc/lms/lits_67.nii.gz,4,0
166,lits,lits_12,/s/datasets_bkp/lits_segs_improved/images/lits_12.nii.gz,/s/datasets_bkp/lits_segs_improved/lms/lits_12.nii.gz,/s/fran_storage/datasets/raw_data/litsmc/images/lits_12.nii.gz,/s/fran_storage/datasets/raw_data/litsmc/lms/lits_12.nii.gz,3,0
167,drli,drli_034,/s/datasets_bkp/drli/images/drli_034.nii.gz,/s/datasets_bkp/drli/lms/drli_034.nrrd,/s/fran_storage/datasets/raw_data/litsmc/images/drli_034.nii.gz,/s/fran_storage/datasets/raw_data/litsmc/lms/drli_034.nrrd,0,0
168,drli,drli_075,/s/datasets_bkp/drli/images/drli_075.nii.gz,/s/datasets_bkp/drli/lms/drli_075.nii.gz,/s/fran_storage/datasets/raw_data/litsmc/images/drli_075.nii.gz,/s/fran_storage/datasets/raw_data/litsmc/lms/drli_075.nii.gz,1,0
169,drli,drli_047,/s/datasets_bkp/drli/images/drli_047.nii.gz,/s/datasets_bkp/drli/lms/drli_047.nii.gz,/s/fran_storage/datasets/raw_data/litsmc/images/drli_047.nii.gz,/s/fran_storage/datasets/raw_data/litsmc/lms/drli_047.nii.gz,0,0
170,drli,drli_054,/s/datasets_bkp/drli/images/drli_054.nii.gz,/s/datasets_bkp/drli/lms/drli_054.nii.gz,/s/fran_storage/datasets/raw_data/litsmc/images/drli_054.nii.gz,/s/fran_storage/datasets/raw_data/litsmc/lms/drli_054.nii.gz,1,0
171,drli,drli_051,/s/datasets_bkp/drli/images/drli_051.nii.gz,/s/datasets_bkp/drli/lms/drli_051.nii.gz,/s/fran_storage/datasets/raw_data/litsmc/images/drli_051.nii.gz,/s/fran_storage/datasets/raw_data/litsmc/lms/drli_051.nii.gz,1,0
172,drli,drli_012,/s/datasets_bkp/drli/images/drli_012.nii.gz,/s/datasets_bkp/drli/lms/drli_012.nii.gz,/s/fran_storage/datasets/raw_data/litsmc/images/drli_012.nii.gz,/s/fran_storage/datasets/raw_data/litsmc/lms/drli_012.nii.gz,0,0
173,drli,drli_039,/s/datasets_bkp/drli/images/drli_039.nii.gz,/s/datasets_bkp/drli/lms/drli_039.nii.gz,/s/fran_storage/datasets/raw_data/litsmc/images/drli_039.nii.gz,/s/fran_storage/datasets/raw_data/litsmc/lms/drli_039.nii.gz,0,0
174,drli,drli_007,/s/datasets_bkp/drli/images/drli_007.nii.gz,/s/datasets_bkp/drli/lms/drli_007.nii.gz,/s/fran_storage/datasets/raw_data/litsmc/images/drli_007.nii.gz,/s/fran_storage/datasets/raw_data/litsmc/lms/drli_007.nii.gz,0,0
175,drli,drli_040,/s/datasets_bkp/drli/images/drli_040.nii.gz,/s/datasets_bkp/drli/lms/drli_040.nii.gz,/s/fran_storage/datasets/raw_data/litsmc/images/drli_040.nii.gz,/s/fran_storage/datasets/raw_data/litsmc/lms/drli_040.nii.gz,0,0
176,drli,drli_041,/s/datasets_bkp/drli/images/drli_041.nii.gz,/s/datasets_bkp/drli/lms/drli_041.nrrd,/s/fran_storage/datasets/raw_data/litsmc/images/drli_041.nii.gz,/s/fran_storage/datasets/raw_data/litsmc/lms/drli_041.nrrd,0,0
177,drli,drli_011,/s/datasets_bkp/drli/images/drli_011.nii.gz,/s/datasets_bkp/drli/lms/drli_011.nii.gz,/s/fran_storage/datasets/raw_data/litsmc/images/drli_011.nii.gz,/s/fran_storage/datasets/raw_data/litsmc/lms/drli_011.nii.gz,0,0
178,drli,drli_043,/s/datasets_bkp/drli/images/drli_043.nii.gz,/s/datasets_bkp/drli/lms/drli_043.nrrd,/s/fran_storage/datasets/raw_data/litsmc/images/drli_043.nii.gz,/s/fran_storage/datasets/raw_data/litsmc/lms/drli_043.nrrd,0,0
179,drli,drli_058,/s/datasets_bkp/drli/images/drli_058.nii.gz,/s/datasets_bkp/drli/lms/drli_058.nii.gz,/s/fran_storage/datasets/raw_data/litsmc/images/drli_058.nii.gz,/s/fran_storage/datasets/raw_data/litsmc/lms/drli_058.nii.gz,1,0
180,drli,drli_059,/s/datasets_bkp/drli/images/drli_059.nii.gz,/s/datasets_bkp/drli/lms/drli_059.nii.gz,/s/fran_storage/datasets/raw_data/litsmc/images/drli_059.nii.gz,/s/fran_storage/datasets/raw_data/litsmc/lms/drli_059.nii.gz,1,0
181,drli,drli_005,/s/datasets_bkp/drli/images/drli_005.nii.gz,/s/datasets_bkp/drli/lms/drli_005.nii.gz,/s/fran_storage/datasets/raw_data/litsmc/images/drli_005.nii.gz,/s/fran_storage/datasets/raw_data/litsmc/lms/drli_005.nii.gz,0,0
182,drli,drli_035,/s/datasets_bkp/drli/images/drli_035.nii.gz,/s/datasets_bkp/drli/lms/drli_035.nii.gz,/s/fran_storage/datasets/raw_data/litsmc/images/drli_035.nii.gz,/s/fran_storage/datasets/raw_data/litsmc/lms/drli_035.nii.gz,0,0
183,drli,drli_016,/s/datasets_bkp/drli/images/drli_016.nii.gz,/s/datasets_bkp/drli/lms/drli_016.nii.gz,/s/fran_storage/datasets/raw_data/litsmc/images/drli_016.nii.gz,/s/fran_storage/datasets/raw_data/litsmc/lms/drli_016.nii.gz,0,0
184,drli,drli_031,/s/datasets_bkp/drli/images/drli_031.nii.gz,/s/datasets_bkp/drli/lms/drli_031.nii.gz,/s/fran_storage/datasets/raw_data/litsmc/images/drli_031.nii.gz,/s/fran_storage/datasets/raw_data/litsmc/lms/drli_031.nii.gz,0,0
185,drli,drli_064,/s/datasets_bkp/drli/images/drli_064.nii.gz,/s/datasets_bkp/drli/lms/drli_064.nii.gz,/s/fran_storage/datasets/raw_data/litsmc/images/drli_064.nii.gz,/s/fran_storage/datasets/raw_data/litsmc/lms/drli_064.nii.gz,1,0
186,drli,drli_028,/s/datasets_bkp/drli/images/drli_028.nii.gz,/s/datasets_bkp/drli/lms/drli_028.nii.gz,/s/fran_storage/datasets/raw_data/litsmc/images/drli_028.nii.gz,/s/fran_storage/datasets/raw_data/litsmc/lms/drli_028.nii.gz,0,0
187,drli,drli_021,/s/datasets_bkp/drli/images/drli_021.nii.gz,/s/datasets_bkp/drli/lms/drli_021.nii.gz,/s/fran_storage/datasets/raw_data/litsmc/images/drli_021.nii.gz,/s/fran_storage/datasets/raw_data/litsmc/lms/drli_021.nii.gz,0,0
188,drli,drli_010,/s/datasets_bkp/drli/images/drli_010.nii.gz,/s/datasets_bkp/drli/lms/drli_010.nrrd,/s/fran_storage/datasets/raw_data/litsmc/images/drli_010.nii.gz,/s/fran_storage/datasets/raw_data/litsmc/lms/drli_010.nrrd,0,0
189,drli,drli_066,/s/datasets_bkp/drli/images/drli_066.nii.gz,/s/datasets_bkp/drli/lms/drli_066.nii.gz,/s/fran_storage/datasets/raw_data/litsmc/images/drli_066.nii.gz,/s/fran_storage/datasets/raw_data/litsmc/lms/drli_066.nii.gz,1,0
190,drli,drli_003,/s/datasets_bkp/drli/images/drli_003.nii.gz,/s/datasets_bkp/drli/lms/drli_003.nii.gz,/s/fran_storage/datasets/raw_data/litsmc/images/drli_003.nii.gz,/s/fran_storage/datasets/raw_data/litsmc/lms/drli_003.nii.gz,0,0
191,drli,drli_033,/s/datasets_bkp/drli/images/drli_033.nii.gz,/s/datasets_bkp/drli/lms/drli_033.nii.gz,/s/fran_storage/datasets/raw_data/litsmc/images/drli_033.nii.gz,/s/fran_storage/datasets/raw_data/litsmc/lms/drli_033.nii.gz,0,0
192,drli,drli_055,/s/datasets_bkp/drli/images/drli_055.nii.gz,/s/datasets_bkp/drli/lms/drli_055.nrrd,/s/fran_storage/datasets/raw_data/litsmc/images/drli_055.nii.gz,/s/fran_storage/datasets/raw_data/litsmc/lms/drli_055.nrrd,1,0
193,drli,drli_048,/s/datasets_bkp/drli/images/drli_048.nii.gz,/s/datasets_bkp/drli/lms/drli_048.nii.gz,/s/fran_storage/datasets/raw_data/litsmc/images/drli_048.nii.gz,/s/fran_storage/datasets/raw_data/litsmc/lms/drli_048.nii.gz,0,0
194,drli,drli_030,/s/datasets_bkp/drli/images/drli_030.nii.gz,/s/datasets_bkp/drli/lms/drli_030.nii.gz,/s/fran_storage/datasets/raw_data/litsmc/images/drli_030.nii.gz,/s/fran_storage/datasets/raw_data/litsmc/lms/drli_030.nii.gz,0,0
195,drli,drli_002,/s/datasets_bkp/drli/images/drli_002.nii.gz,/s/datasets_bkp/drli/lms/drli_002.nii.gz,/s/fran_storage/datasets/raw_data/litsmc/images/drli_002.nii.gz,/s/fran_storage/datasets/raw_data/litsmc/lms/drli_002.nii.gz,0,0
196,drli,drli_065,/s/datasets_bkp/drli/images/drli_065.nii.gz,/s/datasets_bkp/drli/lms/drli_065.nii.gz,/s/fran_storage/datasets/raw_data/litsmc/images/drli_065.nii.gz,/s/fran_storage/datasets/raw_data/litsmc/lms/drli_065.nii.gz,1,0
197,drli,drli_029,/s/datasets_bkp/drli/images/drli_029.nii.gz,/s/datasets_bkp/drli/lms/drli_029.nii.gz,/s/fran_storage/datasets/raw_data/litsmc/images/drli_029.nii.gz,/s/fran_storage/datasets/raw_data/litsmc/lms/drli_029.nii.gz,0,0
198,drli,drli_050,/s/datasets_bkp/drli/images/drli_050.nii.gz,/s/datasets_bkp/drli/lms/drli_050.nrrd,/s/fran_storage/datasets/raw_data/litsmc/images/drli_050.nii.gz,/s/fran_storage/datasets/raw_data/litsmc/lms/drli_050.nrrd,1,0
199,drli,drli_062,/s/datasets_bkp/drli/images/drli_062.nii.gz,/s/datasets_bkp/drli/lms/drli_062.nrrd,/s/fran_storage/datasets/raw_data/litsmc/images/drli_062.nii.gz,/s/fran_storage/datasets/raw_data/litsmc/lms/drli_062.nrrd,1,0
200,drli,drli_068,/s/datasets_bkp/drli/images/drli_068.nii.gz,/s/datasets_bkp/drli/lms/drli_068.nii.gz,/s/fran_storage/datasets/raw_data/litsmc/images/drli_068.nii.gz,/s/fran_storage/datasets/raw_data/litsmc/lms/drli_068.nii.gz,1,0
201,drli,drli_023,/s/datasets_bkp/drli/images/drli_023.nii.gz,/s/datasets_bkp/drli/lms/drli_023.nii.gz,/s/fran_storage/datasets/raw_data/litsmc/images/drli_023.nii.gz,/s/fran_storage/datasets/raw_data/litsmc/lms/drli_023.nii.gz,0,0
202,drli,drli_069,/s/datasets_bkp/drli/images/drli_069.nii.gz,/s/datasets_bkp/drli/lms/drli_069.nii.gz,/s/fran_storage/datasets/raw_data/litsmc/images/drli_069.nii.gz,/s/fran_storage/datasets/raw_data/litsmc/lms/drli_069.nii.gz,1,0
203,drli,drli_042,/s/datasets_bkp/drli/images/drli_042.nii.gz,/s/datasets_bkp/drli/lms/drli_042.nrrd,/s/fran_storage/datasets/raw_data/litsmc/images/drli_042.nii.gz,/s/fran_storage/datasets/raw_data/litsmc/lms/drli_042.nrrd,0,0
204,drli,drli_032,/s/datasets_bkp/drli/images/drli_032.nii.gz,/s/datasets_bkp/drli/lms/drli_032.nii.gz,/s/fran_storage/datasets/raw_data/litsmc/images/drli_032.nii.gz,/s/fran_storage/datasets/raw_data/litsmc/lms/drli_032.nii.gz,0,0
205,drli,drli_015,/s/datasets_bkp/drli/images/drli_015.nii.gz,/s/datasets_bkp/drli/lms/drli_015.nii.gz,/s/fran_storage/datasets/raw_data/litsmc/images/drli_015.nii.gz,/s/fran_storage/datasets/raw_data/litsmc/lms/drli_015.nii.gz,0,0
206,drli,drli_072,/s/datasets_bkp/drli/images/drli_072.nii.gz,/s/datasets_bkp/drli/lms/drli_072.nii.gz,/s/fran_storage/datasets/raw_data/litsmc/images/drli_072.nii.gz,/s/fran_storage/datasets/raw_data/litsmc/lms/drli_072.nii.gz,1,0
207,drli,drli_036,/s/datasets_bkp/drli/images/drli_036.nii.gz,/s/datasets_bkp/drli/lms/drli_036.nii.gz,/s/fran_storage/datasets/raw_data/litsmc/images/drli_036.nii.gz,/s/fran_storage/datasets/raw_data/litsmc/lms/drli_036.nii.gz,0,0
208,drli,drli_076,/s/datasets_bkp/drli/images/drli_076.nii.gz,/s/datasets_bkp/drli/lms/drli_076.nii.gz,/s/fran_storage/datasets/raw_data/litsmc/images/drli_076.nii.gz,/s/fran_storage/datasets/raw_data/litsmc/lms/drli_076.nii.gz,1,0
209,drli,drli_063,/s/datasets_bkp/drli/images/drli_063.nii.gz,/s/datasets_bkp/drli/lms/drli_063.nii.gz,/s/fran_storage/datasets/raw_data/litsmc/images/drli_063.nii.gz,/s/fran_storage/datasets/raw_data/litsmc/lms/drli_063.nii.gz,1,0
210,drli,drli_037,/s/datasets_bkp/drli/images/drli_037.nii.gz,/s/datasets_bkp/drli/lms/drli_037.nrrd,/s/fran_storage/datasets/raw_data/litsmc/images/drli_037.nii.gz,/s/fran_storage/datasets/raw_data/litsmc/lms/drli_037.nrrd,0,0
211,drli,drli_019,/s/datasets_bkp/drli/images/drli_019.nii.gz,/s/datasets_bkp/drli/lms/drli_019.nii.gz,/s/fran_storage/datasets/raw_data/litsmc/images/drli_019.nii.gz,/s/fran_storage/datasets/raw_data/litsmc/lms/drli_019.nii.gz,0,0
212,drli,drli_017,/s/datasets_bkp/drli/images/drli_017.nii.gz,/s/datasets_bkp/drli/lms/drli_017.nii.gz,/s/fran_storage/datasets/raw_data/litsmc/images/drli_017.nii.gz,/s/fran_storage/datasets/raw_data/litsmc/lms/drli_017.nii.gz,0,0
213,drli,drli_045,/s/datasets_bkp/drli/images/drli_045.nii.gz,/s/datasets_bkp/drli/lms/drli_045.nii.gz,/s/fran_storage/datasets/raw_data/litsmc/images/drli_045.nii.gz,/s/fran_storage/datasets/raw_data/litsmc/lms/drli_045.nii.gz,0,0
214,drli,drli_038,/s/datasets_bkp/drli/images/drli_038.nii.gz,/s/datasets_bkp/drli/lms/drli_038.nii.gz,/s/fran_storage/datasets/raw_data/litsmc/images/drli_038.nii.gz,/s/fran_storage/datasets/raw_data/litsmc/lms/drli_038.nii.gz,0,0
215,drli,drli_070,/s/datasets_bkp/drli/images/drli_070.nii.gz,/s/datasets_bkp/drli/lms/drli_070.nii.gz,/s/fran_storage/datasets/raw_data/litsmc/images/drli_070.nii.gz,/s/fran_storage/datasets/raw_data/litsmc/lms/drli_070.nii.gz,1,0
216,drli,drli_074,/s/datasets_bkp/drli/images/drli_074.nii.gz,/s/datasets_bkp/drli/lms/drli_074.nii.gz,/s/fran_storage/datasets/raw_data/litsmc/images/drli_074.nii.gz,/s/fran_storage/datasets/raw_data/litsmc/lms/drli_074.nii.gz,1,0
217,drli,drli_024,/s/datasets_bkp/drli/images/drli_024.nii.gz,/s/datasets_bkp/drli/lms/drli_024.nii.gz,/s/fran_storage/datasets/raw_data/litsmc/images/drli_024.nii.gz,/s/fran_storage/datasets/raw_data/litsmc/lms/drli_024.nii.gz,0,0
218,drli,drli_049,/s/datasets_bkp/drli/images/drli_049.nii.gz,/s/datasets_bkp/drli/lms/drli_049.nii.gz,/s/fran_storage/datasets/raw_data/litsmc/images/drli_049.nii.gz,/s/fran_storage/datasets/raw_data/litsmc/lms/drli_049.nii.gz,0,0
219,drli,drli_025,/s/datasets_bkp/drli/images/drli_025.nii.gz,/s/datasets_bkp/drli/lms/drli_025.nrrd,/s/fran_storage/datasets/raw_data/litsmc/images/drli_025.nii.gz,/s/fran_storage/datasets/raw_data/litsmc/lms/drli_025.nrrd,0,0
220,drli,drli_046,/s/datasets_bkp/drli/images/drli_046.nii.gz,/s/datasets_bkp/drli/lms/drli_046.nii.gz,/s/fran_storage/datasets/raw_data/litsmc/images/drli_046.nii.gz,/s/fran_storage/datasets/raw_data/litsmc/lms/drli_046.nii.gz,0,0
221,drli,drli_073,/s/datasets_bkp/drli/images/drli_073.nii.gz,/s/datasets_bkp/drli/lms/drli_073.nii.gz,/s/fran_storage/datasets/raw_data/litsmc/images/drli_073.nii.gz,/s/fran_storage/datasets/raw_data/litsmc/lms/drli_073.nii.gz,1,0
222,drli,drli_022,/s/datasets_bkp/drli/images/drli_022.nii.gz,/s/datasets_bkp/drli/lms/drli_022.nii.gz,/s/fran_storage/datasets/raw_data/litsmc/images/drli_022.nii.gz,/s/fran_storage/datasets/raw_data/litsmc/lms/drli_022.nii.gz,0,0
223,drli,drli_014,/s/datasets_bkp/drli/images/drli_014.nii.gz,/s/datasets_bkp/drli/lms/drli_014.nii.gz,/s/fran_storage/datasets/raw_data/litsmc/images/drli_014.nii.gz,/s/fran_storage/datasets/raw_data/litsmc/lms/drli_014.nii.gz,0,0
224,drli,drli_044,/s/datasets_bkp/drli/images/drli_044.nii.gz,/s/datasets_bkp/drli/lms/drli_044.nrrd,/s/fran_storage/datasets/raw_data/litsmc/images/drli_044.nii.gz,/s/fran_storage/datasets/raw_data/litsmc/lms/drli_044.nrrd,0,0
225,drli,drli_052,/s/datasets_bkp/drli/images/drli_052.nii.gz,/s/datasets_bkp/drli/lms/drli_052.nii.gz,/s/fran_storage/datasets/raw_data/litsmc/images/drli_052.nii.gz,/s/fran_storage/datasets/raw_data/litsmc/lms/drli_052.nii.gz,1,0
226,drli,drli_057,/s/datasets_bkp/drli/images/drli_057.nii.gz,/s/datasets_bkp/drli/lms/drli_057.nii.gz,/s/fran_storage/datasets/raw_data/litsmc/images/drli_057.nii.gz,/s/fran_storage/datasets/raw_data/litsmc/lms/drli_057.nii.gz,1,0
227,drli,drli_061,/s/datasets_bkp/drli/images/drli_061.nii.gz,/s/datasets_bkp/drli/lms/drli_061.nrrd,/s/fran_storage/datasets/raw_data/litsmc/images/drli_061.nii.gz,/s/fran_storage/datasets/raw_data/litsmc/lms/drli_061.nrrd,1,0
228,drli,drli_009,/s/datasets_bkp/drli/images/drli_009.nii.gz,/s/datasets_bkp/drli/lms/drli_009.nii.gz,/s/fran_storage/datasets/raw_data/litsmc/images/drli_009.nii.gz,/s/fran_storage/datasets/raw_data/litsmc/lms/drli_009.nii.gz,0,0
229,drli,drli_008,/s/datasets_bkp/drli/images/drli_008.nii.gz,/s/datasets_bkp/drli/lms/drli_008.nrrd,/s/fran_storage/datasets/raw_data/litsmc/images/drli_008.nii.gz,/s/fran_storage/datasets/raw_data/litsmc/lms/drli_008.nrrd,0,0
230,drli,drli_056,/s/datasets_bkp/drli/images/drli_056.nii.gz,/s/datasets_bkp/drli/lms/drli_056.nii.gz,/s/fran_storage/datasets/raw_data/litsmc/images/drli_056.nii.gz,/s/fran_storage/datasets/raw_data/litsmc/lms/drli_056.nii.gz,1,0
231,drli,drli_006,/s/datasets_bkp/drli/images/drli_006.nii.gz,/s/datasets_bkp/drli/lms/drli_006.nii.gz,/s/fran_storage/datasets/raw_data/litsmc/images/drli_006.nii.gz,/s/fran_storage/datasets/raw_data/litsmc/lms/drli_006.nii.gz,0,0
232,drli,drli_060,/s/datasets_bkp/drli/images/drli_060.nii.gz,/s/datasets_bkp/drli/lms/drli_060.nii.gz,/s/fran_storage/datasets/raw_data/litsmc/images/drli_060.nii.gz,/s/fran_storage/datasets/raw_data/litsmc/lms/drli_060.nii.gz,1,0
233,drli,drli_053,/s/datasets_bkp/drli/images/drli_053.nii.gz,/s/datasets_bkp/drli/lms/drli_053.nii.gz,/s/fran_storage/datasets/raw_data/litsmc/images/drli_053.nii.gz,/s/fran_storage/datasets/raw_data/litsmc/lms/drli_053.nii.gz,1,0
234,drli,drli_004,/s/datasets_bkp/drli/images/drli_004.nii.gz,/s/datasets_bkp/drli/lms/drli_004.nii.gz,/s/fran_storage/datasets/raw_data/litsmc/images/drli_004.nii.gz,/s/fran_storage/datasets/raw_data/litsmc/lms/drli_004.nii.gz,0,0
235,drli,drli_027,/s/datasets_bkp/drli/images/drli_027.nii.gz,/s/datasets_bkp/drli/lms/drli_027.nii.gz,/s/fran_storage/datasets/raw_data/litsmc/images/drli_027.nii.gz,/s/fran_storage/datasets/raw_data/litsmc/lms/drli_027.nii.gz,0,0
236,drli,drli_013,/s/datasets_bkp/drli/images/drli_013.nii.gz,/s/datasets_bkp/drli/lms/drli_013.nrrd,/s/fran_storage/datasets/raw_data/litsmc/images/drli_013.nii.gz,/s/fran_storage/datasets/raw_data/litsmc/lms/drli_013.nrrd,0,0
237,drli,drli_020,/s/datasets_bkp/drli/images/drli_020.nii.gz,/s/datasets_bkp/drli/lms/drli_020.nii.gz,/s/fran_storage/datasets/raw_data/litsmc/images/drli_020.nii.gz,/s/fran_storage/datasets/raw_data/litsmc/lms/drli_020.nii.gz,0,0
238,drli,drli_071,/s/datasets_bkp/drli/images/drli_071.nii.gz,/s/datasets_bkp/drli/lms/drli_071.nii.gz,/s/fran_storage/datasets/raw_data/litsmc/images/drli_071.nii.gz,/s/fran_storage/datasets/raw_data/litsmc/lms/drli_071.nii.gz,1,0
239,drli,drli_001ub,/s/datasets_bkp/drli/images/drli_001ub.nii.gz,/s/datasets_bkp/drli/lms/drli_001ub.nii.gz,/s/fran_storage/datasets/raw_data/litsmc/images/drli_001ub.nii.gz,/s/fran_storage/datasets/raw_data/litsmc/lms/drli_001ub.nii.gz,0,0
240,drli,drli_026,/s/datasets_bkp/drli/images/drli_026.nii.gz,/s/datasets_bkp/drli/lms/drli_026.nii.gz,/s/fran_storage/datasets/raw_data/litsmc/images/drli_026.nii.gz,/s/fran_storage/datasets/raw_data/litsmc/lms/drli_026.nii.gz,0,0
241,drli,drli_018,/s/datasets_bkp/drli/images/drli_018.nii.gz,/s/datasets_bkp/drli/lms/drli_018.nii.gz,/s/fran_storage/datasets/raw_data/litsmc/images/drli_018.nii.gz,/s/fran_storage/datasets/raw_data/litsmc/lms/drli_018.nii.gz,0,0
